{"cameraMode":{"drawMode":0,"name":"Shaded","section":"Shading Mode"},"sceneLighting":true,"audioPlay":false,"sceneViewState":{"showFog":true,"showMaterialUpdate":false,"showSkybox":true,"showFlares":true,"showImageEffects":true,"showParticleSystems":true},"in2DMode":false,"pivot":{"x":3.0227761268615724,"y":-0.39474010467529299,"z":0.5401894450187683},"rotation":{"x":0.10467762500047684,"y":0.8376073837280273,"z":-0.17275944352149964,"w":0.5075535774230957},"size":30.84156036376953,"orthographic":false}