{"cameraMode":{"drawMode":0,"name":"Shaded","section":"Shading Mode"},"sceneLighting":false,"audioPlay":false,"sceneViewState":{"showFog":true,"showMaterialUpdate":false,"showSkybox":true,"showFlares":true,"showImageEffects":true,"showParticleSystems":true},"in2DMode":false,"pivot":{"x":0.0,"y":1.5558058711985838e-15,"z":0.03981734812259674},"rotation":{"x":-0.6142692565917969,"y":-0.00805133767426014,"z":0.006268213503062725,"w":-0.7890305519104004},"size":0.456740140914917,"orthographic":false}